{"cameraMode":{"drawMode":0,"name":"Shaded","section":"Shading Mode"},"sceneLighting":true,"audioPlay":false,"sceneViewState":{"m_AlwaysRefresh":false,"showFog":true,"showSkybox":true,"showFlares":true,"showImageEffects":true,"showParticleSystems":true,"showVisualEffectGraphs":true,"m_FxEnabled":true},"in2DMode":false,"pivot":{"x":8.909733772277832,"y":1.3622761964797974,"z":13.067032814025879},"rotation":{"x":-0.008290943689644337,"y":-0.9855377674102783,"z":0.15505929291248322,"w":-0.05887496471405029},"size":0.9684476852416992,"orthographic":false}