{"cameraMode":{"drawMode":0,"name":"Shaded","section":"Shading Mode"},"sceneLighting":true,"audioPlay":false,"sceneViewState":{"m_AlwaysRefresh":false,"showFog":true,"showSkybox":true,"showFlares":true,"showImageEffects":true,"showParticleSystems":true,"showVisualEffectGraphs":true,"m_FxEnabled":true},"in2DMode":false,"pivot":{"x":557.4292602539063,"y":331.30267333984377,"z":484.50738525390627},"rotation":{"x":-0.11469817906618118,"y":0.08995889127254486,"z":0.010027057491242886,"w":0.9883627891540527},"size":430.09722900390627,"orthographic":false}