{"cameraMode":{"drawMode":0,"name":"Shaded","section":"Shading Mode"},"sceneLighting":false,"audioPlay":false,"sceneViewState":{"m_AlwaysRefresh":false,"showFog":true,"showSkybox":false,"showFlares":true,"showImageEffects":true,"showParticleSystems":true,"showVisualEffectGraphs":true,"m_FxEnabled":true},"in2DMode":false,"pivot":{"x":-0.31210780143737795,"y":1.5165777206420899,"z":2.2351741790771485e-7},"rotation":{"x":0.003975364379584789,"y":-0.9946649074554443,"z":-0.031245077028870584,"w":-0.09225296974182129},"size":0.8240918517112732,"orthographic":false}